State, log_marginal, befor_grad, total_grad
100fitc, 0.0355823, 0.0335358, 0.776129
200fitc, 0.137224, 0.154128, 2.69992
300fitc, 0.173883, 0.208453, 4.22504
400fitc, 0.306353, 0.397176, 6.64015
500fitc, 0.385638, 0.584745, 8.62614
100full, 0.0350008, 0.0427648, 0.173566
200full, 0.193956, 0.181947, 0.512944
300full, 0.534696, 0.400459, 1.08983
400full, 1.34758, 0.763713, 2.15903
500full, 3.10189, 1.13293, 3.25302
