State, log_marginal, befor_grad, total_grad
1000 fitc, 0.108107, 0.155424, 0.206627
1500 fitc, 0.284873, 0.481432, 0.437494
2000 fitc, 0.529237, 1.11075, 0.761619
1000 full, 0.57393, 0.319724, 0.326905
1500 full, 2.83802, 0.820963, 0.712416
2000 full, 9.83389, 2.14142, 1.35117
