State, log_marginal, befor_grad, total_grad
100 fitc, 0.0416626, 0.0757947, 0.294333
200 fitc, 0.129398, 0.22632, 0.919013
300 fitc, 0.270474, 0.444837, 1.74826
400 fitc, 0.508713, 0.83572, 3.36551
500 fitc, 0.699591, 1.21685, 4.26533
100 full, 0.0350008, 0.0427648, 0.173566
200 full, 0.193956, 0.181947, 0.512944
300 full, 0.534696, 0.400459, 1.08983
400 full, 1.34758, 0.763713, 2.15903
500 full, 3.10189, 1.13293, 3.25302
