State, log_marginal, befor_grad, total_grad
1000fitc, 2.74423, 5.26977, 10.3006
1000full, 43.0265, 5.62635, 12.8744
