State, log_marginal, befor_grad, total_grad
100 fitc, 0.00126019, 0.00205858, 0.00173956
200 fitc, 0.00242164, 0.0041909, 0.00728174
300 fitc, 0.00919958, 0.00893764, 0.0156792
400 fitc, 0.0173428, 0.0189244, 0.0343183
500 fitc, 0.0237931, 0.0293102, 0.0517885
100 full, 0.00340657, 0.00313866, 0.00657217
200 full, 0.0152476, 0.012867, 0.0262469
300 full, 0.0372075, 0.0263854, 0.0531106
400 full, 0.0664606, 0.0478779, 0.094341
500 full, 0.110781, 0.0850772, 0.12756
