State, log_marginal, befor_grad, total_grad
1000fitc, 1.43872, 2.89731, 27.7408
1000full, 43.0265, 5.62635, 12.8744
