State, log_marginal, befor_grad, total_grad
100fitc, 0.0023613, 0.00214263, 0.0232438
200fitc, 0.00758566, 0.00820048, 0.0745419
300fitc, 0.0130925, 0.0146854, 0.136782
400fitc, 0.0207176, 0.0216352, 0.234722
500fitc, 0.0318134, 0.0336362, 0.35332
100full, 0.00340657, 0.00313866, 0.00657217
200full, 0.0152476, 0.012867, 0.0262469
300full, 0.0372075, 0.0263854, 0.0531106
400full, 0.0664606, 0.0478779, 0.094341
500full, 0.110781, 0.0850772, 0.12756
